Tipo de item,Chave da item,ID da item,Resumo,Pai,Chave pai,Parent summary,Status,Campo personalizado (Categoria),Campo personalizado (Escola),Campo personalizado (Disciplina),Campo personalizado (Valor Contratual),Campo personalizado (Valor Medido),Campo personalizado (Start date),Data limite
Tarefa,PA-198,12829,(A2) - EEEF GENERAL HENRIQUE GURJAO,,,,Tarefas pendentes,ETAPA A2,GUR,,5368.123,0.0,,
Tarefa,PA-173,12772,(A1) - EEEF GENERAL HENRIQUE GURJAO,,,,Aprovado,ETAPA A1,GUR,,5368.123,0.0,,
Tarefa,PA-426,13057,(A2) - EEEF SILVESTRE CARNEIRO,,,,Tarefas pendentes,ETAPA A2,SIL,,6009.557,0.0,,
Tarefa,PA-420,13051,(A1) - EEEF SILVESTRE CARNEIRO,,,,Em andamento,ETAPA A1,SIL,,6009.557,0.0,,
Tarefa,PA-217,12848,(A2) - EEEF SANTO ANTONIO DO CUMARU,,,,Tarefas pendentes,ETAPA A2,SAC,,6402.256,0.0,,
Tarefa,PA-211,12842,(A1) - EEEF SANTO ANTONIO DO CUMARU,,,,Em Análise (SEDUC),ETAPA A1,SAC,,6402.256,0.0,,
Tarefa,PA-274,12905,(A2) - EEEFM DR LAURENO ALVES DE MELO,,,,Tarefas pendentes,ETAPA A2,LAU,,16016.888,0.0,,
Tarefa,PA-268,12899,(A1) - EEEFM DR LAURENO ALVES DE MELO,,,,Em andamento,ETAPA A1,LAU,,16016.888,0.0,,
Tarefa,PA-293,12924,(A2) - EEEF CASTILHO FRANÇA,,,,Tarefas pendentes,ETAPA A2,CAS,,18509.307,0.0,,
Tarefa,PA-287,12918,(A1) - EEEF CASTILHO FRANÇA,,,,Em andamento,ETAPA A1,CAS,,18509.307,0.0,,
Tarefa,PA-160,12759,(A2) - EEEFM CONEGO LEITAO,,,,Aprovado,ETAPA A2,CON,,22689.581,0.0,,
Tarefa,PA-154,12753,(A1) - EEEFM CONEGO LEITAO,,,,Aprovado,ETAPA A1,CON,,22689.581,0.0,,
Tarefa,PA-401,13032,(A1) - EEEF PROFA YOLANDA CHAVES,,,,Em andamento,ETAPA A1,YOL,,23702.31,0.0,,
Tarefa,PA-407,13038,(A2) - EEEF PROFA YOLANDA CHAVES,,,,Tarefas pendentes,ETAPA A2,YOL,,23703.31,0.0,,
Tarefa,PA-243,12874,(A1) - EEEFM MARIO QUEIROZ DO ROSARIO,,,,Em andamento,ETAPA A1,QUE,,27520.454,0.0,,
Tarefa,PA-230,12861,(A2) - EEEFM MARIO QUEIROZ DO ROSARIO,,,,Tarefas pendentes,ETAPA A2,QUE,,27521.454,0.0,,
Tarefa,PA-91,12690,(A1) - EEEFM PROFA MARIETA EMMI,,,,Em andamento,ETAPA A1,MEM,,29081.34,0.0,,
Tarefa,PA-78,12677,(A2) - EEEFM PROFA MARIETA EMMI,,,,Em andamento,ETAPA A2,MEM,,29081.34,0.0,,
Tarefa,PA-39,12605,(A2) - EEEFM SANTA LUZIA,,,,Tarefas pendentes,ETAPA A2,SLU,,29371.02,0.0,,
Tarefa,PA-7,12508,(A1) - EEEFM SANTA LUZIA,,,,Em Análise (SEDUC),ETAPA A1,SLU,,29371.02,0.0,,
Tarefa,PA-350,12981,(A2) - EEEFM CONEGO CALADO,,,,Tarefas pendentes,ETAPA A2,CAL,,33562.419,0.0,,
Tarefa,PA-344,12975,(A1) - EEEFM CONEGO CALADO,,,,Em Análise (SEDUC),ETAPA A1,CAL,,33562.419,0.0,,
Tarefa,PA-185,12816,(A2) - EEEFM INGLES DE SOUZA,,,,Tarefas pendentes,ETAPA A2,ING,,35272.658,0.0,,
Tarefa,PA-179,12778,(A1) - EEEFM INGLES DE SOUZA,,,,Em andamento,ETAPA A1,ING,,35272.658,0.0,,
Tarefa,PA-255,12886,(A2) - EEEFM JOAO SANTOS,,,,Tarefas pendentes,ETAPA A2,JSA,,36369.39,0.0,,
Tarefa,PA-249,12880,(A1) - EEEFM JOAO SANTOS,,,,Em Análise (SEDUC),ETAPA A1,JSA,,36369.39,0.0,,
Tarefa,PA-306,12937,(A1) - EEEM PROF OLINDA VERAS ALVES,,,,Em Análise (SEDUC),ETAPA A1,VER,,42948.23,0.0,,
Tarefa,PA-122,12721,(A2) - EEEFM FRANCISCO DE PAULA,,,,Em andamento,ETAPA A2,FRA,,43066.162,0.0,,
Tarefa,PA-116,12715,(A1) - EEEFM FRANCISCO DE PAULA,,,,Em andamento,ETAPA A1,FRA,,43066.162,0.0,,
Tarefa,PA-369,13000,(A2) - EEEF ROSA ROCHA ALMEIDA,,,,Tarefas pendentes,ETAPA A2,ROS,,44598.72,0.0,,
Tarefa,PA-363,12994,(A1) - EEEF ROSA ROCHA ALMEIDA,,,,Em Análise (SEDUC),ETAPA A1,ROS,,44598.72,0.0,,
Tarefa,PA-65,12632,(A2) - EEEFM DR JOSE MARCIO AYRES,,,,Tarefas pendentes,ETAPA A2,AYR,,47654.382,0.0,,
Tarefa,PA-33,12567,(A1) - EEEFM DR JOSE MARCIO AYRES,,,,Em Análise (SEDUC),ETAPA A1,AYR,,47654.382,0.0,,
Tarefa,PA-52,12619,(A2) - EEEFM EUNICE WEAVER,,,,Em andamento,ETAPA A2,EUN,,49471.208,0.0,,
Tarefa,PA-8,12509,(A1) - EEEFM EUNICE WEAVER,,,,Em Análise (SEDUC),ETAPA A1,EUN,,49471.208,0.0,,
Tarefa,PA-388,13019,(A2) - EEEM DR ABEL FIGUEREDO,,,,Tarefas pendentes,ETAPA A2,ABE,,56239.624,0.0,,
Tarefa,PA-382,13013,(A1) - EEEM DR ABEL FIGUEREDO,,,,Aprovado,ETAPA A1,ABE,,56239.624,0.0,,
Tarefa,PA-331,12962,(A2) - EEEM PROFA ANUNCIADA CHAVES,,,,Tarefas pendentes,ETAPA A2,CHA,,60660.347,0.0,,
Tarefa,PA-325,12956,(A1) - EEEM PROFA ANUNCIADA CHAVES,,,,Em Análise (SEDUC),ETAPA A1,CHA,,60660.347,0.0,,
Tarefa,PA-103,12702,(A2) - EEEFM JADER FONTENELLE BARBALHO,,,,Em andamento,ETAPA A2,JAD,,63091.354,0.0,,
Tarefa,PA-97,12696,(A1) - EEEFM JADER FONTENELLE BARBALHO,,,,Aprovado,ETAPA A1,JAD,,63091.354,0.0,,
Tarefa,PA-16,12517,(B) - EEEFM SAO FELIPE,,,,Tarefas pendentes,ETAPA B,SFE,,76656.865,0.0,,
Tarefa,PA-148,12747,(A1) - EEEFM PROF OLIVEIRA BRITO,,,,Aprovado,ETAPA A1,OLI,,79380.944,0.0,,
Tarefa,PA-135,12734,(A2) - EEEFM PROF OLIVEIRA BRITO,,,,Aprovado,ETAPA A2,OLI,,79380.944,0.0,,
Tarefa,PA-18,12519,(D) - EEEFM DR FRANCISCO DE PAULA PINHEIRO,,,,Tarefas pendentes,ETAPA D,FRA,,107665.405,0.0,,
Tarefa,PA-312,12943,(A2) - EEEM PROF OLINDA VERAS ALVES,,,,Tarefas pendentes,ETAPA A2,VER,,142948.23,0.0,,
Tarefa,PA-5,12506,(B) - EEEF PROFA CELINA ANGLADA,,,,Tarefas pendentes,ETAPA B,CEL,,43744.419,43744.419,,
Tarefa,PA-3,12504,(D) - EEEFM DAVID SALOMAO MUFARREJ,,,,Tarefas pendentes,ETAPA D,MUF,,55607.026,55607.026,,
Tarefa,PA-13,12514,(C) - EEEFM PROF BOLIVAR BORDALLO DA SILVA,,,,Tarefas pendentes,ETAPA C,BOR,,135921.413,135921.413,,
Subtarefa,PA-406,13037,ARQ - PN,13032,PA-401,(A1) - EEEF PROFA YOLANDA CHAVES,Tarefas pendentes,ETAPA A1,YOL,ARQ,,,,
Subtarefa,PA-405,13036,ARQ - ASB,13032,PA-401,(A1) - EEEF PROFA YOLANDA CHAVES,Em Análise (SEDUC),ETAPA A1,YOL,ARQ,,,,16/jan/26 12:00 AM
Subtarefa,PA-404,13035,EST - LT,13032,PA-401,(A1) - EEEF PROFA YOLANDA CHAVES,Aprovado,ETAPA A1,YOL,EST,,,,16/jan/26 12:00 AM
Subtarefa,PA-403,13034,LEV - TOP,13032,PA-401,(A1) - EEEF PROFA YOLANDA CHAVES,Em Análise (SEDUC),ETAPA A1,YOL,LEV,,,,14/jan/26 12:00 AM
Subtarefa,PA-402,13033,LEV - RV,13032,PA-401,(A1) - EEEF PROFA YOLANDA CHAVES,Em Análise (SEDUC),ETAPA A1,YOL,LEV,,,,12/jan/26 12:00 AM
Subtarefa,PA-419,13050,ARQ - ANT (MD),13038,PA-407,(A2) - EEEF PROFA YOLANDA CHAVES,Tarefas pendentes,ETAPA A2,YOL,ARQ,,,,
Subtarefa,PA-418,13049,SPD - ANT (MD),13038,PA-407,(A2) - EEEF PROFA YOLANDA CHAVES,Tarefas pendentes,ETAPA A2,YOL,SPD,,,,
Subtarefa,PA-417,13048,GLP - ANT (MD),13038,PA-407,(A2) - EEEF PROFA YOLANDA CHAVES,Tarefas pendentes,ETAPA A2,YOL,GLP,,,,
Subtarefa,PA-416,13047,INC - ANT (MD),13038,PA-407,(A2) - EEEF PROFA YOLANDA CHAVES,Tarefas pendentes,ETAPA A2,YOL,INC,,,,
Subtarefa,PA-415,13046,HID - ANT (MD),13038,PA-407,(A2) - EEEF PROFA YOLANDA CHAVES,Tarefas pendentes,ETAPA A2,YOL,HID,,,,
Subtarefa,PA-414,13045,EST - ANT (MD),13038,PA-407,(A2) - EEEF PROFA YOLANDA CHAVES,Tarefas pendentes,ETAPA A2,YOL,EST,,,,
Subtarefa,PA-413,13044,CLI - ANT (MD),13038,PA-407,(A2) - EEEF PROFA YOLANDA CHAVES,Tarefas pendentes,ETAPA A2,YOL,CLI,,,,
Subtarefa,PA-412,13043,TEL - ANT (MD),13038,PA-407,(A2) - EEEF PROFA YOLANDA CHAVES,Tarefas pendentes,ETAPA A2,YOL,TEL,,,,
Subtarefa,PA-411,13042,ELE - ANT (MD),13038,PA-407,(A2) - EEEF PROFA YOLANDA CHAVES,Tarefas pendentes,ETAPA A2,YOL,ELE,,,,
Subtarefa,PA-410,13041,ORÇ - OP,13038,PA-407,(A2) - EEEF PROFA YOLANDA CHAVES,Tarefas pendentes,ETAPA A2,YOL,ORÇ,,,,
Subtarefa,PA-409,13040,LEV - LS,13038,PA-407,(A2) - EEEF PROFA YOLANDA CHAVES,Tarefas pendentes,ETAPA A2,YOL,LEV,,,,
Subtarefa,PA-408,13039,ARQ - EPA,13038,PA-407,(A2) - EEEF PROFA YOLANDA CHAVES,Tarefas pendentes,ETAPA A2,YOL,ARQ,,,,
Subtarefa,PA-311,12942,ARQ - PN,12937,PA-306,(A1) - EEEM PROF OLINDA VERAS ALVES,Em andamento,ETAPA A1,VER,ARQ,,,,
Subtarefa,PA-310,12941,ARQ - ASB,12937,PA-306,(A1) - EEEM PROF OLINDA VERAS ALVES,Aprovado,ETAPA A1,VER,ARQ,,,,02/jan/26 12:00 AM
Subtarefa,PA-309,12940,EST - LT,12937,PA-306,(A1) - EEEM PROF OLINDA VERAS ALVES,Em Análise (SEDUC),ETAPA A1,VER,EST,,,,22/dez/25 12:00 AM
Subtarefa,PA-308,12939,LEV - TOP,12937,PA-306,(A1) - EEEM PROF OLINDA VERAS ALVES,Em Análise (SEDUC),ETAPA A1,VER,LEV,,,,
Subtarefa,PA-307,12938,LEV - RV,12937,PA-306,(A1) - EEEM PROF OLINDA VERAS ALVES,Aprovado,ETAPA A1,VER,LEV,,,,09/jan/26 12:00 AM
Subtarefa,PA-324,12955,ARQ - ANT (MD),12943,PA-312,(A2) - EEEM PROF OLINDA VERAS ALVES,Tarefas pendentes,ETAPA A2,VER,ARQ,,,,
Subtarefa,PA-323,12954,SPD - ANT (MD),12943,PA-312,(A2) - EEEM PROF OLINDA VERAS ALVES,Tarefas pendentes,ETAPA A2,VER,SPD,,,,
Subtarefa,PA-322,12953,GLP - ANT (MD),12943,PA-312,(A2) - EEEM PROF OLINDA VERAS ALVES,Tarefas pendentes,ETAPA A2,VER,GLP,,,,
Subtarefa,PA-321,12952,INC - ANT (MD),12943,PA-312,(A2) - EEEM PROF OLINDA VERAS ALVES,Tarefas pendentes,ETAPA A2,VER,INC,,,,
Subtarefa,PA-320,12951,HID - ANT (MD),12943,PA-312,(A2) - EEEM PROF OLINDA VERAS ALVES,Tarefas pendentes,ETAPA A2,VER,HID,,,,
Subtarefa,PA-319,12950,EST - ANT (MD),12943,PA-312,(A2) - EEEM PROF OLINDA VERAS ALVES,Tarefas pendentes,ETAPA A2,VER,EST,,,,
Subtarefa,PA-318,12949,CLI - ANT (MD),12943,PA-312,(A2) - EEEM PROF OLINDA VERAS ALVES,Tarefas pendentes,ETAPA A2,VER,CLI,,,,
Subtarefa,PA-317,12948,TEL - ANT (MD),12943,PA-312,(A2) - EEEM PROF OLINDA VERAS ALVES,Tarefas pendentes,ETAPA A2,VER,TEL,,,,
Subtarefa,PA-316,12947,ELE - ANT (MD),12943,PA-312,(A2) - EEEM PROF OLINDA VERAS ALVES,Tarefas pendentes,ETAPA A2,VER,ELE,,,,
Subtarefa,PA-315,12946,ORÇ - OP,12943,PA-312,(A2) - EEEM PROF OLINDA VERAS ALVES,Tarefas pendentes,ETAPA A2,VER,ORÇ,,,,
Subtarefa,PA-314,12945,LEV - LS,12943,PA-312,(A2) - EEEM PROF OLINDA VERAS ALVES,Tarefas pendentes,ETAPA A2,VER,LEV,,,,
Subtarefa,PA-313,12944,ARQ - EPA,12943,PA-312,(A2) - EEEM PROF OLINDA VERAS ALVES,Tarefas pendentes,ETAPA A2,VER,ARQ,,,,
Subtarefa,PA-27,12561,ARQ - PN,12508,PA-7,(A1) - EEEFM SANTA LUZIA,Em andamento,ETAPA A1,SLU,ARQ,,,,
Subtarefa,PA-26,12560,ARQ - ASB,12508,PA-7,(A1) - EEEFM SANTA LUZIA,Aprovado,ETAPA A1,SLU,ARQ,,,,07/jan/26 12:00 AM
Subtarefa,PA-25,12559,LEV - TOP,12508,PA-7,(A1) - EEEFM SANTA LUZIA,Aprovado,ETAPA A1,SLU,LEV,,,,06/jan/26 12:00 AM
Subtarefa,PA-24,12558,EST - LT,12508,PA-7,(A1) - EEEFM SANTA LUZIA,Aprovado,ETAPA A1,SLU,EST,,,,29/dez/25 12:00 AM
Subtarefa,PA-23,12557,LEV - RV,12508,PA-7,(A1) - EEEFM SANTA LUZIA,Aprovado,ETAPA A1,SLU,LEV,,,,29/dez/25 12:00 AM
Subtarefa,PA-51,12618,ARQ - ANT (MD),12605,PA-39,(A2) - EEEFM SANTA LUZIA,Tarefas pendentes,ETAPA A2,SLU,ARQ,,,,
Subtarefa,PA-50,12616,ORÇ - OP,12605,PA-39,(A2) - EEEFM SANTA LUZIA,Tarefas pendentes,ETAPA A2,SLU,ORÇ,,,,
Subtarefa,PA-49,12615,SPD - ANT (MD),12605,PA-39,(A2) - EEEFM SANTA LUZIA,Tarefas pendentes,ETAPA A2,SLU,SPD,,,,
Subtarefa,PA-48,12614,GLP - ANT (MD),12605,PA-39,(A2) - EEEFM SANTA LUZIA,Tarefas pendentes,ETAPA A2,SLU,GLP,,,,
Subtarefa,PA-47,12613,INC - ANT (MD),12605,PA-39,(A2) - EEEFM SANTA LUZIA,Tarefas pendentes,ETAPA A2,SLU,INC,,,,
Subtarefa,PA-46,12612,HID - ANT (MD),12605,PA-39,(A2) - EEEFM SANTA LUZIA,Tarefas pendentes,ETAPA A2,SLU,HID,,,,
Subtarefa,PA-45,12611,EST - ANT (MD),12605,PA-39,(A2) - EEEFM SANTA LUZIA,Tarefas pendentes,ETAPA A2,SLU,EST,,,,
Subtarefa,PA-44,12610,CLI - ANT (MD),12605,PA-39,(A2) - EEEFM SANTA LUZIA,Tarefas pendentes,ETAPA A2,SLU,CLI,,,,
Subtarefa,PA-43,12609,TEL - ANT (MD),12605,PA-39,(A2) - EEEFM SANTA LUZIA,Tarefas pendentes,ETAPA A2,SLU,TEL,,,,
Subtarefa,PA-42,12608,ELE - ANT (MD),12605,PA-39,(A2) - EEEFM SANTA LUZIA,Tarefas pendentes,ETAPA A2,SLU,ELE,,,,
Subtarefa,PA-41,12607,EST - LS,12605,PA-39,(A2) - EEEFM SANTA LUZIA,Concluído,ETAPA A2,SLU,EST,,,,
Subtarefa,PA-40,12606,ARQ - EPA,12605,PA-39,(A2) - EEEFM SANTA LUZIA,Tarefas pendentes,ETAPA A2,SLU,ARQ,,,,
Subtarefa,PA-425,13056,ARQ - PN,13051,PA-420,(A1) - EEEF SILVESTRE CARNEIRO,Tarefas pendentes,ETAPA A1,SIL,ARQ,,,,
Subtarefa,PA-424,13055,ARQ - ASB,13051,PA-420,(A1) - EEEF SILVESTRE CARNEIRO,Em Análise (SEDUC),ETAPA A1,SIL,ARQ,,,,
Subtarefa,PA-423,13054,EST - LT,13051,PA-420,(A1) - EEEF SILVESTRE CARNEIRO,Concluído,ETAPA A1,SIL,EST,,,,16/jan/26 12:00 AM
Subtarefa,PA-422,13053,LEV - TOP,13051,PA-420,(A1) - EEEF SILVESTRE CARNEIRO,Em Análise (SEDUC),ETAPA A1,SIL,LEV,,,,16/jan/26 12:00 AM
Subtarefa,PA-421,13052,LEV - RV,13051,PA-420,(A1) - EEEF SILVESTRE CARNEIRO,Em Análise (SEDUC),ETAPA A1,SIL,LEV,,,,
Subtarefa,PA-438,13069,ARQ - ANT (MD),13057,PA-426,(A2) - EEEF SILVESTRE CARNEIRO,Tarefas pendentes,ETAPA A2,SIL,ARQ,,,,
Subtarefa,PA-437,13068,SPD - ANT (MD),13057,PA-426,(A2) - EEEF SILVESTRE CARNEIRO,Tarefas pendentes,ETAPA A2,SIL,SPD,,,,
Subtarefa,PA-436,13067,GLP - ANT (MD),13057,PA-426,(A2) - EEEF SILVESTRE CARNEIRO,Tarefas pendentes,ETAPA A2,SIL,GLP,,,,
Subtarefa,PA-435,13066,INC - ANT (MD),13057,PA-426,(A2) - EEEF SILVESTRE CARNEIRO,Tarefas pendentes,ETAPA A2,SIL,INC,,,,
Subtarefa,PA-434,13065,HID - ANT (MD),13057,PA-426,(A2) - EEEF SILVESTRE CARNEIRO,Tarefas pendentes,ETAPA A2,SIL,HID,,,,
Subtarefa,PA-433,13064,EST - ANT (MD),13057,PA-426,(A2) - EEEF SILVESTRE CARNEIRO,Tarefas pendentes,ETAPA A2,SIL,EST,,,,
Subtarefa,PA-432,13063,CLI - ANT (MD),13057,PA-426,(A2) - EEEF SILVESTRE CARNEIRO,Tarefas pendentes,ETAPA A2,SIL,CLI,,,,
Subtarefa,PA-431,13062,TEL - ANT (MD),13057,PA-426,(A2) - EEEF SILVESTRE CARNEIRO,Tarefas pendentes,ETAPA A2,SIL,TEL,,,,
Subtarefa,PA-430,13061,ELE - ANT (MD),13057,PA-426,(A2) - EEEF SILVESTRE CARNEIRO,Tarefas pendentes,ETAPA A2,SIL,ELE,,,,
Subtarefa,PA-429,13060,ORÇ - OP,13057,PA-426,(A2) - EEEF SILVESTRE CARNEIRO,Tarefas pendentes,ETAPA A2,SIL,ORÇ,,,,
Subtarefa,PA-428,13059,LEV - LS,13057,PA-426,(A2) - EEEF SILVESTRE CARNEIRO,Tarefas pendentes,ETAPA A2,SIL,LEV,,,,
Subtarefa,PA-427,13058,ARQ - EPA,13057,PA-426,(A2) - EEEF SILVESTRE CARNEIRO,Tarefas pendentes,ETAPA A2,SIL,ARQ,,,,
Subtarefa,PA-216,12847,ARQ - PN,12842,PA-211,(A1) - EEEF SANTO ANTONIO DO CUMARU,Em andamento,ETAPA A1,SAC,ARQ,,,,
Subtarefa,PA-215,12846,ARQ - ASB,12842,PA-211,(A1) - EEEF SANTO ANTONIO DO CUMARU,Em Análise (SEDUC),ETAPA A1,SAC,ARQ,,,,29/dez/25 12:00 AM
Subtarefa,PA-214,12845,EST - LT,12842,PA-211,(A1) - EEEF SANTO ANTONIO DO CUMARU,Concluído,ETAPA A1,SAC,EST,,,,06/jan/26 12:00 AM
Subtarefa,PA-213,12844,LEV - TOP,12842,PA-211,(A1) - EEEF SANTO ANTONIO DO CUMARU,Em Análise (SEDUC),ETAPA A1,SAC,LEV,,,,19/jan/26 12:00 AM
Subtarefa,PA-212,12843,LEV - RV,12842,PA-211,(A1) - EEEF SANTO ANTONIO DO CUMARU,Em Análise (SEDUC),ETAPA A1,SAC,LEV,,,,30/dez/25 12:00 AM
Subtarefa,PA-229,12860,ARQ - ANT (MD),12848,PA-217,(A2) - EEEF SANTO ANTONIO DO CUMARU,Tarefas pendentes,ETAPA A2,SAC,ARQ,,,,
Subtarefa,PA-228,12859,SPD - ANT (MD),12848,PA-217,(A2) - EEEF SANTO ANTONIO DO CUMARU,Tarefas pendentes,ETAPA A2,SAC,SPD,,,,
Subtarefa,PA-227,12858,GLP - ANT (MD),12848,PA-217,(A2) - EEEF SANTO ANTONIO DO CUMARU,Tarefas pendentes,ETAPA A2,SAC,GLP,,,,
Subtarefa,PA-226,12857,INC - ANT (MD),12848,PA-217,(A2) - EEEF SANTO ANTONIO DO CUMARU,Tarefas pendentes,ETAPA A2,SAC,INC,,,,
Subtarefa,PA-225,12856,HID - ANT (MD),12848,PA-217,(A2) - EEEF SANTO ANTONIO DO CUMARU,Tarefas pendentes,ETAPA A2,SAC,HID,,,,
Subtarefa,PA-224,12855,EST - ANT (MD),12848,PA-217,(A2) - EEEF SANTO ANTONIO DO CUMARU,Tarefas pendentes,ETAPA A2,SAC,EST,,,,
Subtarefa,PA-223,12854,CLI - ANT (MD),12848,PA-217,(A2) - EEEF SANTO ANTONIO DO CUMARU,Tarefas pendentes,ETAPA A2,SAC,CLI,,,,
Subtarefa,PA-222,12853,TEL - ANT (MD),12848,PA-217,(A2) - EEEF SANTO ANTONIO DO CUMARU,Tarefas pendentes,ETAPA A2,SAC,TEL,,,,
Subtarefa,PA-221,12852,ELE - ANT (MD),12848,PA-217,(A2) - EEEF SANTO ANTONIO DO CUMARU,Tarefas pendentes,ETAPA A2,SAC,ELE,,,,
Subtarefa,PA-220,12851,ORÇ - OP,12848,PA-217,(A2) - EEEF SANTO ANTONIO DO CUMARU,Tarefas pendentes,ETAPA A2,SAC,ORÇ,,,,
Subtarefa,PA-219,12850,LEV - LS,12848,PA-217,(A2) - EEEF SANTO ANTONIO DO CUMARU,Tarefas pendentes,ETAPA A2,SAC,LEV,,,,
Subtarefa,PA-218,12849,ARQ - EPA,12848,PA-217,(A2) - EEEF SANTO ANTONIO DO CUMARU,Tarefas pendentes,ETAPA A2,SAC,ARQ,,,,
Subtarefa,PA-368,12999,ARQ - PN,12994,PA-363,(A1) - EEEF ROSA ROCHA ALMEIDA,Em Análise (SEDUC),ETAPA A1,ROS,ARQ,,,,
Subtarefa,PA-367,12998,ARQ - ASB,12994,PA-363,(A1) - EEEF ROSA ROCHA ALMEIDA,Em andamento,ETAPA A1,ROS,ARQ,,,,07/jan/26 12:00 AM
Subtarefa,PA-366,12997,EST - LT,12994,PA-363,(A1) - EEEF ROSA ROCHA ALMEIDA,Concluído,ETAPA A1,ROS,EST,,,,08/jan/26 12:00 AM
Subtarefa,PA-365,12996,LEV - TOP,12994,PA-363,(A1) - EEEF ROSA ROCHA ALMEIDA,Em Análise (SEDUC),ETAPA A1,ROS,LEV,,,,05/jan/26 12:00 AM
Subtarefa,PA-364,12995,LEV - RV,12994,PA-363,(A1) - EEEF ROSA ROCHA ALMEIDA,Em Análise (SEDUC),ETAPA A1,ROS,LEV,,,,12/jan/26 12:00 AM
Subtarefa,PA-381,13012,ARQ - ANT (MD),13000,PA-369,(A2) - EEEF ROSA ROCHA ALMEIDA,Tarefas pendentes,ETAPA A2,ROS,ARQ,,,,
Subtarefa,PA-380,13011,SPD - ANT (MD),13000,PA-369,(A2) - EEEF ROSA ROCHA ALMEIDA,Tarefas pendentes,ETAPA A2,ROS,SPD,,,,
Subtarefa,PA-379,13010,GLP - ANT (MD),13000,PA-369,(A2) - EEEF ROSA ROCHA ALMEIDA,Tarefas pendentes,ETAPA A2,ROS,GLP,,,,
Subtarefa,PA-378,13009,INC - ANT (MD),13000,PA-369,(A2) - EEEF ROSA ROCHA ALMEIDA,Tarefas pendentes,ETAPA A2,ROS,INC,,,,
Subtarefa,PA-377,13008,HID - ANT (MD),13000,PA-369,(A2) - EEEF ROSA ROCHA ALMEIDA,Tarefas pendentes,ETAPA A2,ROS,HID,,,,
Subtarefa,PA-376,13007,EST - ANT (MD),13000,PA-369,(A2) - EEEF ROSA ROCHA ALMEIDA,Tarefas pendentes,ETAPA A2,ROS,EST,,,,
Subtarefa,PA-375,13006,CLI - ANT (MD),13000,PA-369,(A2) - EEEF ROSA ROCHA ALMEIDA,Tarefas pendentes,ETAPA A2,ROS,CLI,,,,
Subtarefa,PA-374,13005,TEL - ANT (MD),13000,PA-369,(A2) - EEEF ROSA ROCHA ALMEIDA,Tarefas pendentes,ETAPA A2,ROS,TEL,,,,
Subtarefa,PA-373,13004,ELE - ANT (MD),13000,PA-369,(A2) - EEEF ROSA ROCHA ALMEIDA,Tarefas pendentes,ETAPA A2,ROS,ELE,,,,
Subtarefa,PA-372,13003,ORÇ - OP,13000,PA-369,(A2) - EEEF ROSA ROCHA ALMEIDA,Tarefas pendentes,ETAPA A2,ROS,ORÇ,,,,
Subtarefa,PA-371,13002,LEV - LS,13000,PA-369,(A2) - EEEF ROSA ROCHA ALMEIDA,Tarefas pendentes,ETAPA A2,ROS,LEV,,,,
Subtarefa,PA-370,13001,ARQ - EPA,13000,PA-369,(A2) - EEEF ROSA ROCHA ALMEIDA,Tarefas pendentes,ETAPA A2,ROS,ARQ,,,,
Subtarefa,PA-242,12873,ARQ - ANT (MD),12861,PA-230,(A2) - EEEFM MARIO QUEIROZ DO ROSARIO,Tarefas pendentes,ETAPA A2,QUE,ARQ,,,,
Subtarefa,PA-241,12872,SPD - ANT (MD),12861,PA-230,(A2) - EEEFM MARIO QUEIROZ DO ROSARIO,Tarefas pendentes,ETAPA A2,QUE,SPD,,,,
Subtarefa,PA-240,12871,GLP - ANT (MD),12861,PA-230,(A2) - EEEFM MARIO QUEIROZ DO ROSARIO,Tarefas pendentes,ETAPA A2,QUE,GLP,,,,
Subtarefa,PA-239,12870,INC - ANT (MD),12861,PA-230,(A2) - EEEFM MARIO QUEIROZ DO ROSARIO,Tarefas pendentes,ETAPA A2,QUE,INC,,,,
Subtarefa,PA-238,12869,HID - ANT (MD),12861,PA-230,(A2) - EEEFM MARIO QUEIROZ DO ROSARIO,Tarefas pendentes,ETAPA A2,QUE,HID,,,,
Subtarefa,PA-237,12868,EST - ANT (MD),12861,PA-230,(A2) - EEEFM MARIO QUEIROZ DO ROSARIO,Tarefas pendentes,ETAPA A2,QUE,EST,,,,
Subtarefa,PA-236,12867,CLI - ANT (MD),12861,PA-230,(A2) - EEEFM MARIO QUEIROZ DO ROSARIO,Tarefas pendentes,ETAPA A2,QUE,CLI,,,,
Subtarefa,PA-235,12866,TEL - ANT (MD),12861,PA-230,(A2) - EEEFM MARIO QUEIROZ DO ROSARIO,Tarefas pendentes,ETAPA A2,QUE,TEL,,,,
Subtarefa,PA-234,12865,ELE - ANT (MD),12861,PA-230,(A2) - EEEFM MARIO QUEIROZ DO ROSARIO,Tarefas pendentes,ETAPA A2,QUE,ELE,,,,
Subtarefa,PA-233,12864,ORÇ - OP,12861,PA-230,(A2) - EEEFM MARIO QUEIROZ DO ROSARIO,Tarefas pendentes,ETAPA A2,QUE,ORÇ,,,,
Subtarefa,PA-232,12863,LEV - LS,12861,PA-230,(A2) - EEEFM MARIO QUEIROZ DO ROSARIO,Tarefas pendentes,ETAPA A2,QUE,LEV,,,,
Subtarefa,PA-231,12862,ARQ - EPA,12861,PA-230,(A2) - EEEFM MARIO QUEIROZ DO ROSARIO,Tarefas pendentes,ETAPA A2,QUE,ARQ,,,,
Subtarefa,PA-248,12879,ARQ - PN,12874,PA-243,(A1) - EEEFM MARIO QUEIROZ DO ROSARIO,Tarefas pendentes,ETAPA A1,QUE,ARQ,,,,
Subtarefa,PA-247,12878,ARQ - ASB,12874,PA-243,(A1) - EEEFM MARIO QUEIROZ DO ROSARIO,Em andamento,ETAPA A1,QUE,ARQ,,,,08/jan/26 12:00 AM
Subtarefa,PA-246,12877,EST - LT,12874,PA-243,(A1) - EEEFM MARIO QUEIROZ DO ROSARIO,Concluído,ETAPA A1,QUE,EST,,,,06/jan/26 12:00 AM
Subtarefa,PA-245,12876,LEV - TOP,12874,PA-243,(A1) - EEEFM MARIO QUEIROZ DO ROSARIO,Em Análise (SEDUC),ETAPA A1,QUE,LEV,,,,22/jan/26 12:00 AM
Subtarefa,PA-244,12875,LEV - RV,12874,PA-243,(A1) - EEEFM MARIO QUEIROZ DO ROSARIO,Em Análise (SEDUC),ETAPA A1,QUE,LEV,,,,02/jan/26 12:00 AM
Subtarefa,PA-147,12746,ARQ - ANT (MD),12734,PA-135,(A2) - EEEFM PROF OLIVEIRA BRITO,Aprovado,ETAPA A2,OLI,ARQ,,,,
Subtarefa,PA-146,12745,SPD - ANT (MD),12734,PA-135,(A2) - EEEFM PROF OLIVEIRA BRITO,Aprovado,ETAPA A2,OLI,SPD,,,,
Subtarefa,PA-145,12744,GLP - ANT (MD),12734,PA-135,(A2) - EEEFM PROF OLIVEIRA BRITO,Aprovado,ETAPA A2,OLI,GLP,,,,
Subtarefa,PA-144,12743,INC - ANT (MD),12734,PA-135,(A2) - EEEFM PROF OLIVEIRA BRITO,Aprovado,ETAPA A2,OLI,INC,,,,
Subtarefa,PA-143,12742,HID - ANT (MD),12734,PA-135,(A2) - EEEFM PROF OLIVEIRA BRITO,Aprovado,ETAPA A2,OLI,HID,,,,
Subtarefa,PA-142,12741,EST - ANT (MD),12734,PA-135,(A2) - EEEFM PROF OLIVEIRA BRITO,Aprovado,ETAPA A2,OLI,EST,,,,
Subtarefa,PA-141,12740,CLI - ANT (MD),12734,PA-135,(A2) - EEEFM PROF OLIVEIRA BRITO,Aprovado,ETAPA A2,OLI,CLI,,,,
Subtarefa,PA-140,12739,TEL - ANT (MD),12734,PA-135,(A2) - EEEFM PROF OLIVEIRA BRITO,Aprovado,ETAPA A2,OLI,TEL,,,,
Subtarefa,PA-139,12738,ELE - ANT (MD),12734,PA-135,(A2) - EEEFM PROF OLIVEIRA BRITO,Aprovado,ETAPA A2,OLI,ELE,,,,
Subtarefa,PA-138,12737,ORÇ - OP,12734,PA-135,(A2) - EEEFM PROF OLIVEIRA BRITO,Aprovado,ETAPA A2,OLI,ORÇ,,,,
Subtarefa,PA-137,12736,LEV - LS,12734,PA-135,(A2) - EEEFM PROF OLIVEIRA BRITO,Aprovado,ETAPA A2,OLI,LEV,,,,
Subtarefa,PA-136,12735,ARQ - EPA,12734,PA-135,(A2) - EEEFM PROF OLIVEIRA BRITO,Aprovado,ETAPA A2,OLI,ARQ,,,,
Subtarefa,PA-153,12752,ARQ - PN,12747,PA-148,(A1) - EEEFM PROF OLIVEIRA BRITO,Aprovado,ETAPA A1,OLI,ARQ,,,,
Subtarefa,PA-152,12751,ARQ - ASB,12747,PA-148,(A1) - EEEFM PROF OLIVEIRA BRITO,Aprovado,ETAPA A1,OLI,ARQ,,,,
Subtarefa,PA-151,12750,EST - LT,12747,PA-148,(A1) - EEEFM PROF OLIVEIRA BRITO,Aprovado,ETAPA A1,OLI,EST,,,,
Subtarefa,PA-150,12749,LEV -TOP,12747,PA-148,(A1) - EEEFM PROF OLIVEIRA BRITO,Aprovado,ETAPA A1,OLI,LEV,,,,
Subtarefa,PA-149,12748,LEV - RV,12747,PA-148,(A1) - EEEFM PROF OLIVEIRA BRITO,Aprovado,ETAPA A1,OLI,LEV,,,16/dez/25 12:00 AM,
Subtarefa,PA-90,12689,ARQ - ANT (MD),12677,PA-78,(A2) - EEEFM PROFA MARIETA EMMI,Tarefas pendentes,ETAPA A2,MEM,ARQ,,,,
Subtarefa,PA-89,12688,ORÇ - OP,12677,PA-78,(A2) - EEEFM PROFA MARIETA EMMI,Concluído,ETAPA A2,MEM,ORÇ,,,,
Subtarefa,PA-88,12687,SPD - ANT (MD),12677,PA-78,(A2) - EEEFM PROFA MARIETA EMMI,Tarefas pendentes,ETAPA A2,MEM,SPD,,,,
Subtarefa,PA-87,12686,GLP - ANT (MD),12677,PA-78,(A2) - EEEFM PROFA MARIETA EMMI,Tarefas pendentes,ETAPA A2,MEM,GLP,,,,
Subtarefa,PA-86,12685,INC - ANT (MD),12677,PA-78,(A2) - EEEFM PROFA MARIETA EMMI,Tarefas pendentes,ETAPA A2,MEM,INC,,,,
Subtarefa,PA-85,12684,HID - ANT (MD),12677,PA-78,(A2) - EEEFM PROFA MARIETA EMMI,Tarefas pendentes,ETAPA A2,MEM,HID,,,,
Subtarefa,PA-84,12683,EST - ANT (MD),12677,PA-78,(A2) - EEEFM PROFA MARIETA EMMI,Tarefas pendentes,ETAPA A2,MEM,EST,,,,
Subtarefa,PA-83,12682,CLI - ANT (MD),12677,PA-78,(A2) - EEEFM PROFA MARIETA EMMI,Tarefas pendentes,ETAPA A2,MEM,CLI,,,,
Subtarefa,PA-82,12681,TEL - ANT (MD),12677,PA-78,(A2) - EEEFM PROFA MARIETA EMMI,Tarefas pendentes,ETAPA A2,MEM,TEL,,,,
Subtarefa,PA-81,12680,ELE - ANT (MD),12677,PA-78,(A2) - EEEFM PROFA MARIETA EMMI,Tarefas pendentes,ETAPA A2,MEM,ELE,,,,
Subtarefa,PA-80,12679,EST - LS,12677,PA-78,(A2) - EEEFM PROFA MARIETA EMMI,Concluído,ETAPA A2,MEM,EST,,,,
Subtarefa,PA-79,12678,ARQ - EPA,12677,PA-78,(A2) - EEEFM PROFA MARIETA EMMI,Concluído,ETAPA A2,MEM,ARQ,,,,
Subtarefa,PA-96,12695,ARQ - PN,12690,PA-91,(A1) - EEEFM PROFA MARIETA EMMI,Tarefas pendentes,ETAPA A1,MEM,ARQ,,,,
Subtarefa,PA-95,12694,ARQ - ASB,12690,PA-91,(A1) - EEEFM PROFA MARIETA EMMI,Em Análise (interna),ETAPA A1,MEM,ARQ,,,,22/jan/26 12:00 AM
Subtarefa,PA-94,12693,EST - LT (N/A),12690,PA-91,(A1) - EEEFM PROFA MARIETA EMMI,Concluído,ETAPA A1,MEM,EST,,,,06/jan/26 12:00 AM
Subtarefa,PA-93,12692,LEV - TOP,12690,PA-91,(A1) - EEEFM PROFA MARIETA EMMI,Em Análise (SEDUC),ETAPA A1,MEM,LEV,,,,05/jan/26 12:00 AM
Subtarefa,PA-92,12691,LEV - RV,12690,PA-91,(A1) - EEEFM PROFA MARIETA EMMI,Em Análise (SEDUC),ETAPA A1,MEM,LEV,,,,16/jan/26 12:00 AM
Subtarefa,PA-273,12904,ARQ - PN,12899,PA-268,(A1) - EEEFM DR LAURENO ALVES DE MELO,Tarefas pendentes,ETAPA A1,LAU,ARQ,,,,
Subtarefa,PA-272,12903,ARQ - ASB,12899,PA-268,(A1) - EEEFM DR LAURENO ALVES DE MELO,Em Análise (SEDUC),ETAPA A1,LAU,ARQ,,,,04/jan/26 12:00 AM
Subtarefa,PA-271,12902,EST - LT,12899,PA-268,(A1) - EEEFM DR LAURENO ALVES DE MELO,Concluído,ETAPA A1,LAU,EST,,,,02/jan/26 12:00 AM
Subtarefa,PA-270,12901,LEV - TOP,12899,PA-268,(A1) - EEEFM DR LAURENO ALVES DE MELO,Em Análise (SEDUC),ETAPA A1,LAU,LEV,,,,23/dez/25 12:00 AM
Subtarefa,PA-269,12900,LEV - RV,12899,PA-268,(A1) - EEEFM DR LAURENO ALVES DE MELO,Aprovado,ETAPA A1,LAU,LEV,,,,07/jan/26 12:00 AM
Subtarefa,PA-286,12917,ARQ - ANT (MD),12905,PA-274,(A2) - EEEFM DR LAURENO ALVES DE MELO,Tarefas pendentes,ETAPA A2,LAU,ARQ,,,,
Subtarefa,PA-285,12916,SPD - ANT (MD),12905,PA-274,(A2) - EEEFM DR LAURENO ALVES DE MELO,Tarefas pendentes,ETAPA A2,LAU,SPD,,,,
Subtarefa,PA-284,12915,GLP - ANT (MD),12905,PA-274,(A2) - EEEFM DR LAURENO ALVES DE MELO,Tarefas pendentes,ETAPA A2,LAU,GLP,,,,
Subtarefa,PA-283,12914,INC - ANT (MD),12905,PA-274,(A2) - EEEFM DR LAURENO ALVES DE MELO,Tarefas pendentes,ETAPA A2,LAU,INC,,,,
Subtarefa,PA-282,12913,HID - ANT (MD),12905,PA-274,(A2) - EEEFM DR LAURENO ALVES DE MELO,Tarefas pendentes,ETAPA A2,LAU,HID,,,,
Subtarefa,PA-281,12912,EST - ANT (MD),12905,PA-274,(A2) - EEEFM DR LAURENO ALVES DE MELO,Tarefas pendentes,ETAPA A2,LAU,EST,,,,
Subtarefa,PA-280,12911,CLI - ANT (MD),12905,PA-274,(A2) - EEEFM DR LAURENO ALVES DE MELO,Tarefas pendentes,ETAPA A2,LAU,CLI,,,,
Subtarefa,PA-279,12910,TEL - ANT (MD),12905,PA-274,(A2) - EEEFM DR LAURENO ALVES DE MELO,Tarefas pendentes,ETAPA A2,LAU,TEL,,,,
Subtarefa,PA-278,12909,ELE - ANT (MD),12905,PA-274,(A2) - EEEFM DR LAURENO ALVES DE MELO,Tarefas pendentes,ETAPA A2,LAU,ELE,,,,
Subtarefa,PA-277,12908,ORÇ - OP,12905,PA-274,(A2) - EEEFM DR LAURENO ALVES DE MELO,Tarefas pendentes,ETAPA A2,LAU,ORÇ,,,,
Subtarefa,PA-276,12907,LEV - LS,12905,PA-274,(A2) - EEEFM DR LAURENO ALVES DE MELO,Tarefas pendentes,ETAPA A2,LAU,LEV,,,,
Subtarefa,PA-275,12906,ARQ - EPA,12905,PA-274,(A2) - EEEFM DR LAURENO ALVES DE MELO,Tarefas pendentes,ETAPA A2,LAU,ARQ,,,,
Subtarefa,PA-254,12885,ARQ - PN,12880,PA-249,(A1) - EEEFM JOAO SANTOS,Aprovado,ETAPA A1,JSA,ARQ,,,,
Subtarefa,PA-253,12884,ARQ - ASB,12880,PA-249,(A1) - EEEFM JOAO SANTOS,Em Análise (SEDUC),ETAPA A1,JSA,ARQ,,,,08/jan/26 12:00 AM
Subtarefa,PA-252,12883,EST - LT,12880,PA-249,(A1) - EEEFM JOAO SANTOS,Aprovado,ETAPA A1,JSA,EST,,,,19/dez/26 12:00 AM
Subtarefa,PA-251,12882,LEV - TOP,12880,PA-249,(A1) - EEEFM JOAO SANTOS,Em Análise (SEDUC),ETAPA A1,JSA,LEV,,,,09/jan/26 12:00 AM
Subtarefa,PA-250,12881,LEV - RV,12880,PA-249,(A1) - EEEFM JOAO SANTOS,Aprovado,ETAPA A1,JSA,LEV,,,,
Subtarefa,PA-267,12898,ARQ - ANT (MD),12886,PA-255,(A2) - EEEFM JOAO SANTOS,Tarefas pendentes,ETAPA A2,JSA,ARQ,,,,
Subtarefa,PA-266,12897,SPD - ANT (MD),12886,PA-255,(A2) - EEEFM JOAO SANTOS,Tarefas pendentes,ETAPA A2,JSA,SPD,,,,
Subtarefa,PA-265,12896,GLP - ANT (MD),12886,PA-255,(A2) - EEEFM JOAO SANTOS,Tarefas pendentes,ETAPA A2,JSA,GLP,,,,
Subtarefa,PA-264,12895,INC - ANT (MD),12886,PA-255,(A2) - EEEFM JOAO SANTOS,Tarefas pendentes,ETAPA A2,JSA,INC,,,,
Subtarefa,PA-263,12894,HID - ANT (MD),12886,PA-255,(A2) - EEEFM JOAO SANTOS,Tarefas pendentes,ETAPA A2,JSA,HID,,,,
Subtarefa,PA-262,12893,EST - ANT (MD),12886,PA-255,(A2) - EEEFM JOAO SANTOS,Tarefas pendentes,ETAPA A2,JSA,EST,,,,
Subtarefa,PA-261,12892,CLI - ANT (MD),12886,PA-255,(A2) - EEEFM JOAO SANTOS,Tarefas pendentes,ETAPA A2,JSA,CLI,,,,
Subtarefa,PA-260,12891,TEL - ANT (MD),12886,PA-255,(A2) - EEEFM JOAO SANTOS,Tarefas pendentes,ETAPA A2,JSA,TEL,,,,
Subtarefa,PA-259,12890,ELE - ANT (MD),12886,PA-255,(A2) - EEEFM JOAO SANTOS,Tarefas pendentes,ETAPA A2,JSA,ELE,,,,
Subtarefa,PA-258,12889,ORÇ - OP,12886,PA-255,(A2) - EEEFM JOAO SANTOS,Tarefas pendentes,ETAPA A2,JSA,ORÇ,,,,
Subtarefa,PA-257,12888,LEV - LS,12886,PA-255,(A2) - EEEFM JOAO SANTOS,Tarefas pendentes,ETAPA A2,JSA,LEV,,,,
Subtarefa,PA-256,12887,ARQ - EPA,12886,PA-255,(A2) - EEEFM JOAO SANTOS,Tarefas pendentes,ETAPA A2,JSA,ARQ,,,,
Subtarefa,PA-439,13071,EST - LT (N/A) ,12696,PA-97,(A1) - EEEFM JADER FONTENELLE BARBALHO,Concluído,ETAPA A1,JAD,EST,,,,
Subtarefa,PA-102,12701,ARQ - PN,12696,PA-97,(A1) - EEEFM JADER FONTENELLE BARBALHO,Aprovado,ETAPA A1,JAD,ARQ,,,,30/nov/25 12:00 AM
Subtarefa,PA-101,12700,ARQ - ASB,12696,PA-97,(A1) - EEEFM JADER FONTENELLE BARBALHO,Aprovado,ETAPA A1,JAD,ARQ,,,,23/dez/25 12:00 AM
Subtarefa,PA-99,12698,LEV - TOP,12696,PA-97,(A1) - EEEFM JADER FONTENELLE BARBALHO,Aprovado,ETAPA A1,JAD,LEV,,,,23/dez/25 12:00 AM
Subtarefa,PA-98,12697,LEV - RV,12696,PA-97,(A1) - EEEFM JADER FONTENELLE BARBALHO,Aprovado,ETAPA A1,JAD,LEV,,,,23/dez/25 12:00 AM
Subtarefa,PA-115,12714,ARQ - AP (MD),12702,PA-103,(A2) - EEEFM JADER FONTENELLE BARBALHO,Tarefas pendentes,ETAPA A2,JAD,ARQ,,,,
Subtarefa,PA-114,12713,ORÇ - ORÇAMENTO PRELIMINAR,12702,PA-103,(A2) - EEEFM JADER FONTENELLE BARBALHO,Concluído,ETAPA A2,JAD,ORÇ,,,,23/dez/25 12:00 AM
Subtarefa,PA-113,12712,SPD - AP (MD),12702,PA-103,(A2) - EEEFM JADER FONTENELLE BARBALHO,Concluído,ETAPA A2,JAD,SPD,,,,
Subtarefa,PA-112,12711,GLP - AP (MD),12702,PA-103,(A2) - EEEFM JADER FONTENELLE BARBALHO,Concluído,ETAPA A2,JAD,GLP,,,,
Subtarefa,PA-111,12710,INC - AP (MD),12702,PA-103,(A2) - EEEFM JADER FONTENELLE BARBALHO,Concluído,ETAPA A2,JAD,INC,,,,
Subtarefa,PA-110,12709,HID - AP (MD),12702,PA-103,(A2) - EEEFM JADER FONTENELLE BARBALHO,Concluído,ETAPA A2,JAD,HID,,,,
Subtarefa,PA-109,12708,EST - AP (MD),12702,PA-103,(A2) - EEEFM JADER FONTENELLE BARBALHO,Em andamento,ETAPA A2,JAD,EST,,,,
Subtarefa,PA-108,12707,CLI - AP (MD),12702,PA-103,(A2) - EEEFM JADER FONTENELLE BARBALHO,Concluído,ETAPA A2,JAD,CLI,,,,
Subtarefa,PA-107,12706,TEL - AP (MD),12702,PA-103,(A2) - EEEFM JADER FONTENELLE BARBALHO,Concluído,ETAPA A2,JAD,TEL,,,,
Subtarefa,PA-106,12705,ELE - AP (MD),12702,PA-103,(A2) - EEEFM JADER FONTENELLE BARBALHO,Concluído,ETAPA A2,JAD,ELE,,,,
Subtarefa,PA-105,12704,LEV - LAUDO DE SONDAGEM GEO.,12702,PA-103,(A2) - EEEFM JADER FONTENELLE BARBALHO,Concluído,ETAPA A2,JAD,LEV,,,,05/jan/26 12:00 AM
Subtarefa,PA-104,12703,ARQ - ESTUDO PRELIMINAR ARQ.,12702,PA-103,(A2) - EEEFM JADER FONTENELLE BARBALHO,Concluído,ETAPA A2,JAD,ARQ,,,,23/dez/25 12:00 AM
Tarefa,PA-17,12518,(B) - EEEFM JADER FONTENELLE BARBALHO,,,,Tarefas pendentes,ETAPA B,JAD,,,,,
Tarefa,PA-4,12505,(D) - EEEFM IZABEL AMAZONAS,,,,Tarefas pendentes,ETAPA D,IZA,,,,,
Tarefa,PA-2,12503,(B) - EEEFM IZABEL AMAZONAS,,,,Tarefas pendentes,ETAPA B,IZA,,,,,
Subtarefa,PA-184,12783,ARQ - PN,12778,PA-179,(A1) - EEEFM INGLES DE SOUZA,Tarefas pendentes,ETAPA A1,ING,ARQ,,,,
Subtarefa,PA-183,12782,ARQ - ASB,12778,PA-179,(A1) - EEEFM INGLES DE SOUZA,Em andamento,ETAPA A1,ING,ARQ,,,,12/jan/26 12:00 AM
Subtarefa,PA-182,12781,EST - LT,12778,PA-179,(A1) - EEEFM INGLES DE SOUZA,Aprovado,ETAPA A1,ING,EST,,,,16/jan/26 12:00 AM
Subtarefa,PA-181,12780,LEV - TOP,12778,PA-179,(A1) - EEEFM INGLES DE SOUZA,Em Análise (SEDUC),ETAPA A1,ING,LEV,,,,
Subtarefa,PA-180,12779,LEV - RV,12778,PA-179,(A1) - EEEFM INGLES DE SOUZA,Em Análise (SEDUC),ETAPA A1,ING,LEV,,,,09/jan/26 12:00 AM
Subtarefa,PA-197,12828,ARQ - ANT (MD),12816,PA-185,(A2) - EEEFM INGLES DE SOUZA,Tarefas pendentes,ETAPA A2,ING,ARQ,,,,
Subtarefa,PA-196,12827,SPD - ANT (MD),12816,PA-185,(A2) - EEEFM INGLES DE SOUZA,Tarefas pendentes,ETAPA A2,ING,SPD,,,,
Subtarefa,PA-195,12826,GLP - ANT (MD),12816,PA-185,(A2) - EEEFM INGLES DE SOUZA,Tarefas pendentes,ETAPA A2,ING,GLP,,,,
Subtarefa,PA-194,12825,INC - ANT (MD),12816,PA-185,(A2) - EEEFM INGLES DE SOUZA,Tarefas pendentes,ETAPA A2,ING,INC,,,,
Subtarefa,PA-193,12824,HID - ANT (MD),12816,PA-185,(A2) - EEEFM INGLES DE SOUZA,Tarefas pendentes,ETAPA A2,ING,HID,,,,
Subtarefa,PA-192,12823,EST - ANT (MD),12816,PA-185,(A2) - EEEFM INGLES DE SOUZA,Tarefas pendentes,ETAPA A2,ING,EST,,,,
Subtarefa,PA-191,12822,CLI - ANT (MD),12816,PA-185,(A2) - EEEFM INGLES DE SOUZA,Tarefas pendentes,ETAPA A2,ING,CLI,,,,
Subtarefa,PA-190,12821,TEL - ANT (MD),12816,PA-185,(A2) - EEEFM INGLES DE SOUZA,Tarefas pendentes,ETAPA A2,ING,TEL,,,,
Subtarefa,PA-189,12820,ELE - ANT (MD),12816,PA-185,(A2) - EEEFM INGLES DE SOUZA,Tarefas pendentes,ETAPA A2,ING,ELE,,,,
Subtarefa,PA-188,12819,ORÇ - OP,12816,PA-185,(A2) - EEEFM INGLES DE SOUZA,Tarefas pendentes,ETAPA A2,ING,ORÇ,,,,
Subtarefa,PA-187,12818,LEV - LS,12816,PA-185,(A2) - EEEFM INGLES DE SOUZA,Concluído,ETAPA A2,ING,EST,,,,
Subtarefa,PA-186,12817,ARQ - EPA,12816,PA-185,(A2) - EEEFM INGLES DE SOUZA,Tarefas pendentes,ETAPA A2,ING,ARQ,,,,
Tarefa,PA-20,12521,(D) - EEEF INGLES DE SOUZA,,,,Tarefas pendentes,ETAPA D,ING,,,,,
Subtarefa,PA-178,12777,ARQ - PN,12772,PA-173,(A1) - EEEF GENERAL HENRIQUE GURJAO,Aprovado,ETAPA A1,GUR,ARQ,,,,
Subtarefa,PA-177,12776,ARQ - ASB,12772,PA-173,(A1) - EEEF GENERAL HENRIQUE GURJAO,Aprovado,ETAPA A1,GUR,ARQ,,,,07/jan/26 12:00 AM
Subtarefa,PA-176,12775,EST - LT,12772,PA-173,(A1) - EEEF GENERAL HENRIQUE GURJAO,Concluído,ETAPA A1,GUR,EST,,,,02/jan/26 12:00 AM
Subtarefa,PA-175,12774,LEV - TOP,12772,PA-173,(A1) - EEEF GENERAL HENRIQUE GURJAO,Aprovado,ETAPA A1,GUR,LEV,,,,15/jan/26 12:00 AM
Subtarefa,PA-174,12773,LEV - RV,12772,PA-173,(A1) - EEEF GENERAL HENRIQUE GURJAO,Aprovado,ETAPA A1,GUR,LEV,,,,31/dez/25 12:00 AM
Subtarefa,PA-210,12841,ARQ - ANT (MD),12829,PA-198,(A2) - EEEF GENERAL HENRIQUE GURJAO,Tarefas pendentes,ETAPA A2,GUR,ARQ,,,,
Subtarefa,PA-209,12840,SPD - ANT (MD),12829,PA-198,(A2) - EEEF GENERAL HENRIQUE GURJAO,Tarefas pendentes,ETAPA A2,GUR,SPD,,,,
Subtarefa,PA-208,12839,GLP - ANT (MD),12829,PA-198,(A2) - EEEF GENERAL HENRIQUE GURJAO,Tarefas pendentes,ETAPA A2,GUR,GLP,,,,
Subtarefa,PA-207,12838,INC - ANT (MD),12829,PA-198,(A2) - EEEF GENERAL HENRIQUE GURJAO,Tarefas pendentes,ETAPA A2,GUR,INC,,,,
Subtarefa,PA-206,12837,HID - ANT (MD),12829,PA-198,(A2) - EEEF GENERAL HENRIQUE GURJAO,Tarefas pendentes,ETAPA A2,GUR,HID,,,,
Subtarefa,PA-205,12836,EST - ANT (MD),12829,PA-198,(A2) - EEEF GENERAL HENRIQUE GURJAO,Tarefas pendentes,ETAPA A2,GUR,EST,,,,
Subtarefa,PA-204,12835,CLI - ANT (MD),12829,PA-198,(A2) - EEEF GENERAL HENRIQUE GURJAO,Tarefas pendentes,ETAPA A2,GUR,CLI,,,,
Subtarefa,PA-203,12834,TEL - ANT (MD),12829,PA-198,(A2) - EEEF GENERAL HENRIQUE GURJAO,Tarefas pendentes,ETAPA A2,GUR,TEL,,,,
Subtarefa,PA-202,12833,ELE - ANT (MD),12829,PA-198,(A2) - EEEF GENERAL HENRIQUE GURJAO,Tarefas pendentes,ETAPA A2,GUR,ELE,,,,
Subtarefa,PA-201,12832,ORÇ - OP,12829,PA-198,(A2) - EEEF GENERAL HENRIQUE GURJAO,Tarefas pendentes,ETAPA A2,GUR,ORÇ,,,,
Subtarefa,PA-200,12831,LEV - LS,12829,PA-198,(A2) - EEEF GENERAL HENRIQUE GURJAO,Tarefas pendentes,ETAPA A2,GUR,EST,,,,
Subtarefa,PA-199,12830,ARQ - EPA,12829,PA-198,(A2) - EEEF GENERAL HENRIQUE GURJAO,Tarefas pendentes,ETAPA A2,GUR,ARQ,,,,
Subtarefa,PA-121,12720,ARQ - PN,12715,PA-116,(A1) - EEEFM FRANCISCO DE PAULA,Em andamento,ETAPA A1,FRA,ARQ,,,,23/dez/25 12:00 AM
Subtarefa,PA-120,12719,ARQ - ASB,12715,PA-116,(A1) - EEEFM FRANCISCO DE PAULA,Em Análise (SEDUC),ETAPA A1,FRA,ARQ,,,,23/dez/25 12:00 AM
Subtarefa,PA-119,12718,EST - LT (N/A),12715,PA-116,(A1) - EEEFM FRANCISCO DE PAULA,Concluído,ETAPA A1,FRA,EST,,,,16/jan/26 12:00 AM
Subtarefa,PA-118,12717,LEV - TOP,12715,PA-116,(A1) - EEEFM FRANCISCO DE PAULA,Aprovado,ETAPA A1,FRA,LEV,,,,29/dez/25 12:00 AM
Subtarefa,PA-117,12716,LEV - RV,12715,PA-116,(A1) - EEEFM FRANCISCO DE PAULA,Em Análise (SEDUC),ETAPA A1,FRA,LEV,,,,02/jan/26 12:00 AM
Subtarefa,PA-134,12733,ARQ - ANT (MD),12721,PA-122,(A2) - EEEFM FRANCISCO DE PAULA,Concluído,ETAPA A2,FRA,ARQ,,,,03/dez/25 12:00 AM
Subtarefa,PA-133,12732,ORÇ - OP,12721,PA-122,(A2) - EEEFM FRANCISCO DE PAULA,Concluído,ETAPA A2,FRA,ORÇ,,,,
Subtarefa,PA-132,12731,SPD - ANT (MD),12721,PA-122,(A2) - EEEFM FRANCISCO DE PAULA,Concluído,ETAPA A2,FRA,SPD,,,,
Subtarefa,PA-131,12730,GLP - ANT (MD),12721,PA-122,(A2) - EEEFM FRANCISCO DE PAULA,Concluído,ETAPA A2,FRA,GLP,,,,
Subtarefa,PA-130,12729,INC - ANT (MD),12721,PA-122,(A2) - EEEFM FRANCISCO DE PAULA,Concluído,ETAPA A2,FRA,INC,,,,
Subtarefa,PA-129,12728,HID - ANT (MD),12721,PA-122,(A2) - EEEFM FRANCISCO DE PAULA,Concluído,ETAPA A2,FRA,HID,,,,
Subtarefa,PA-128,12727,EST - ANT (MD),12721,PA-122,(A2) - EEEFM FRANCISCO DE PAULA,Concluído,ETAPA A2,FRA,EST,,,,
Subtarefa,PA-127,12726,CLI - ANT (MD),12721,PA-122,(A2) - EEEFM FRANCISCO DE PAULA,Concluído,ETAPA A2,FRA,CLI,,,,
Subtarefa,PA-126,12725,TEL - ANT (MD),12721,PA-122,(A2) - EEEFM FRANCISCO DE PAULA,Concluído,ETAPA A2,FRA,TEL,,,,
Subtarefa,PA-125,12724,ELE - ANT (MD),12721,PA-122,(A2) - EEEFM FRANCISCO DE PAULA,Concluído,ETAPA A2,FRA,ELE,,,,
Subtarefa,PA-124,12723,LEV - LS,12721,PA-122,(A2) - EEEFM FRANCISCO DE PAULA,Concluído,ETAPA A2,FRA,LEV,,,,
Subtarefa,PA-123,12722,ARQ - EPA,12721,PA-122,(A2) - EEEFM FRANCISCO DE PAULA,Em andamento,ETAPA A2,FRA,ARQ,,,,03/dez/25 12:00 AM
Subtarefa,PA-32,12566,ARQ - PN,12509,PA-8,(A1) - EEEFM EUNICE WEAVER,Em andamento,ETAPA A1,EUN,ARQ,,,,
Subtarefa,PA-31,12565,ARQ - ASB,12509,PA-8,(A1) - EEEFM EUNICE WEAVER,Em Análise (SEDUC),ETAPA A1,EUN,ARQ,,,,05/jan/26 12:00 AM
Subtarefa,PA-30,12564,EST - LT,12509,PA-8,(A1) - EEEFM EUNICE WEAVER,Em Análise (SEDUC),ETAPA A1,EUN,EST,,,,23/dez/25 12:00 AM
Subtarefa,PA-29,12563,LEV - TOP,12509,PA-8,(A1) - EEEFM EUNICE WEAVER,Em Análise (SEDUC),ETAPA A1,EUN,LEV,,,,14/jan/26 12:00 AM
Subtarefa,PA-28,12562,LEV - RV,12509,PA-8,(A1) - EEEFM EUNICE WEAVER,Aprovado,ETAPA A1,EUN,LEV,,,,12/jan/26 12:00 AM
Subtarefa,PA-64,12631,ARQ - ANTEPROJETO (MD),12619,PA-52,(A2) - EEEFM EUNICE WEAVER,Tarefas pendentes,ETAPA A2,EUN,ARQ,,,,
Subtarefa,PA-63,12630,ORÇ - OP,12619,PA-52,(A2) - EEEFM EUNICE WEAVER,Tarefas pendentes,ETAPA A2,EUN,ORÇ,,,,
Subtarefa,PA-62,12629,SPD - ANT (MD),12619,PA-52,(A2) - EEEFM EUNICE WEAVER,Tarefas pendentes,ETAPA A2,EUN,SPD,,,,
Subtarefa,PA-61,12628,GLP - ANT (MD),12619,PA-52,(A2) - EEEFM EUNICE WEAVER,Tarefas pendentes,ETAPA A2,EUN,GLP,,,,
Subtarefa,PA-60,12627,INC - ANT (MD),12619,PA-52,(A2) - EEEFM EUNICE WEAVER,Tarefas pendentes,ETAPA A2,EUN,INC,,,,
Subtarefa,PA-59,12626,HID - ANT (MD),12619,PA-52,(A2) - EEEFM EUNICE WEAVER,Tarefas pendentes,ETAPA A2,EUN,HID,,,,
Subtarefa,PA-58,12625,EST - ANT (MD),12619,PA-52,(A2) - EEEFM EUNICE WEAVER,Tarefas pendentes,ETAPA A2,EUN,EST,,,,
Subtarefa,PA-57,12624,CLI - ANT (MD),12619,PA-52,(A2) - EEEFM EUNICE WEAVER,Tarefas pendentes,ETAPA A2,EUN,CLI,,,,
Subtarefa,PA-56,12623,TEL - ANT (MD),12619,PA-52,(A2) - EEEFM EUNICE WEAVER,Tarefas pendentes,ETAPA A2,EUN,TEL,,,,
Subtarefa,PA-55,12622,ELE - ANT (MD),12619,PA-52,(A2) - EEEFM EUNICE WEAVER,Tarefas pendentes,ETAPA A2,EUN,ELE,,,,
Subtarefa,PA-54,12621,LEV - LS,12619,PA-52,(A2) - EEEFM EUNICE WEAVER,Concluído,ETAPA A2,EUN,LEV,,,,
Subtarefa,PA-53,12620,ARQ - EPA,12619,PA-52,(A2) - EEEFM EUNICE WEAVER,Tarefas pendentes,ETAPA A2,EUN,ARQ,,,,
Subtarefa,PA-159,12758,ARQ - PN,12753,PA-154,(A1) - EEEFM CONEGO LEITAO,Aprovado,ETAPA A1,CON,ARQ,,,,
Subtarefa,PA-158,12757,ARQ - ASB,12753,PA-154,(A1) - EEEFM CONEGO LEITAO,Aprovado,ETAPA A1,CON,ARQ,,,,
Subtarefa,PA-157,12756,EST - LT,12753,PA-154,(A1) - EEEFM CONEGO LEITAO,Aprovado,ETAPA A1,CON,EST,,,,
Subtarefa,PA-156,12755,LEV - TOP,12753,PA-154,(A1) - EEEFM CONEGO LEITAO,Aprovado,ETAPA A1,CON,LEV,,,,
Subtarefa,PA-155,12754,LEV - RV,12753,PA-154,(A1) - EEEFM CONEGO LEITAO,Aprovado,ETAPA A1,CON,LEV,,,,
Subtarefa,PA-172,12771,ARQ - ANT (MD),12759,PA-160,(A2) - EEEFM CONEGO LEITAO,Aprovado,ETAPA A2,CON,ARQ,,,,
Subtarefa,PA-171,12770,SPD - ANT (MD),12759,PA-160,(A2) - EEEFM CONEGO LEITAO,Aprovado,ETAPA A2,CON,SPD,,,,
Subtarefa,PA-170,12769,GLP - ANT (MD),12759,PA-160,(A2) - EEEFM CONEGO LEITAO,Aprovado,ETAPA A2,CON,GLP,,,,
Subtarefa,PA-169,12768,INC - ANT (MD),12759,PA-160,(A2) - EEEFM CONEGO LEITAO,Aprovado,ETAPA A2,CON,INC,,,,
Subtarefa,PA-168,12767,HID - ANT (MD),12759,PA-160,(A2) - EEEFM CONEGO LEITAO,Aprovado,ETAPA A2,CON,HID,,,,
Subtarefa,PA-167,12766,EST - ANT (MD),12759,PA-160,(A2) - EEEFM CONEGO LEITAO,Aprovado,ETAPA A2,CON,EST,,,,
Subtarefa,PA-166,12765,CLI - ANT (MD),12759,PA-160,(A2) - EEEFM CONEGO LEITAO,Aprovado,ETAPA A2,CON,CLI,,,,
Subtarefa,PA-165,12764,TEL - ANT (MD),12759,PA-160,(A2) - EEEFM CONEGO LEITAO,Aprovado,ETAPA A2,CON,TEL,,,,
Subtarefa,PA-164,12763,ELE - ANT (MD),12759,PA-160,(A2) - EEEFM CONEGO LEITAO,Aprovado,ETAPA A2,CON,ELE,,,,
Subtarefa,PA-163,12762,ORÇ - OP,12759,PA-160,(A2) - EEEFM CONEGO LEITAO,Aprovado,ETAPA A2,CON,ORÇ,,,,
Subtarefa,PA-162,12761,LEV - LS,12759,PA-160,(A2) - EEEFM CONEGO LEITAO,Aprovado,ETAPA A2,CON,EST,,,,
Subtarefa,PA-161,12760,ARQ - EPA,12759,PA-160,(A2) - EEEFM CONEGO LEITAO,Aprovado,ETAPA A2,CON,ARQ,,,,
Subtarefa,PA-330,12961,ARQ - PN,12956,PA-325,(A1) - EEEM PROFA ANUNCIADA CHAVES,Aprovado,ETAPA A1,CHA,ARQ,,,,
Subtarefa,PA-329,12960,ARQ - ASB,12956,PA-325,(A1) - EEEM PROFA ANUNCIADA CHAVES,Em Análise (SEDUC),ETAPA A1,CHA,ARQ,,,,20/jan/26 12:00 AM
Subtarefa,PA-328,12959,EST - LT,12956,PA-325,(A1) - EEEM PROFA ANUNCIADA CHAVES,Em Análise (SEDUC),ETAPA A1,CHA,EST,,,,26/dez/25 12:00 AM
Subtarefa,PA-327,12958,LEV - TOP,12956,PA-325,(A1) - EEEM PROFA ANUNCIADA CHAVES,Em Análise (SEDUC),ETAPA A1,CHA,LEV,,,,29/dez/26 12:00 AM
Subtarefa,PA-326,12957,LEV - RV,12956,PA-325,(A1) - EEEM PROFA ANUNCIADA CHAVES,Em Análise (SEDUC),ETAPA A1,CHA,LEV,,,,12/jan/26 12:00 AM
Subtarefa,PA-343,12974,ARQ - ANT (MD),12962,PA-331,(A2) - EEEM PROFA ANUNCIADA CHAVES,Tarefas pendentes,ETAPA A2,CHA,ARQ,,,,
Subtarefa,PA-342,12973,SPD - ANT (MD),12962,PA-331,(A2) - EEEM PROFA ANUNCIADA CHAVES,Tarefas pendentes,ETAPA A2,CHA,SPD,,,,
Subtarefa,PA-341,12972,GLP - ANT (MD),12962,PA-331,(A2) - EEEM PROFA ANUNCIADA CHAVES,Tarefas pendentes,ETAPA A2,CHA,GLP,,,,
Subtarefa,PA-340,12971,INC - ANT (MD),12962,PA-331,(A2) - EEEM PROFA ANUNCIADA CHAVES,Tarefas pendentes,ETAPA A2,CHA,INC,,,,
Subtarefa,PA-339,12970,HID - ANT (MD),12962,PA-331,(A2) - EEEM PROFA ANUNCIADA CHAVES,Tarefas pendentes,ETAPA A2,CHA,HID,,,,
Subtarefa,PA-338,12969,EST - ANT (MD),12962,PA-331,(A2) - EEEM PROFA ANUNCIADA CHAVES,Tarefas pendentes,ETAPA A2,CHA,EST,,,,
Subtarefa,PA-337,12968,CLI - ANT (MD),12962,PA-331,(A2) - EEEM PROFA ANUNCIADA CHAVES,Tarefas pendentes,ETAPA A2,CHA,CLI,,,,
Subtarefa,PA-336,12967,TEL - ANT (MD),12962,PA-331,(A2) - EEEM PROFA ANUNCIADA CHAVES,Tarefas pendentes,ETAPA A2,CHA,TEL,,,,
Subtarefa,PA-335,12966,ELE - ANT (MD),12962,PA-331,(A2) - EEEM PROFA ANUNCIADA CHAVES,Tarefas pendentes,ETAPA A2,CHA,ELE,,,,
Subtarefa,PA-334,12965,ORÇ - OP,12962,PA-331,(A2) - EEEM PROFA ANUNCIADA CHAVES,Concluído,ETAPA A2,CHA,ORÇ,,,,
Subtarefa,PA-333,12964,LEV - LS,12962,PA-331,(A2) - EEEM PROFA ANUNCIADA CHAVES,Tarefas pendentes,ETAPA A2,CHA,LEV,,,,
Subtarefa,PA-332,12963,ARQ - EPA,12962,PA-331,(A2) - EEEM PROFA ANUNCIADA CHAVES,Tarefas pendentes,ETAPA A2,CHA,ARQ,,,,
Subtarefa,PA-292,12923,ARQ - PN,12918,PA-287,(A1) - EEEF CASTILHO FRANÇA,Tarefas pendentes,ETAPA A1,CAS,ARQ,,,,
Subtarefa,PA-291,12922,ARQ - ASB,12918,PA-287,(A1) - EEEF CASTILHO FRANÇA,Em Análise (SEDUC),ETAPA A1,CAS,ARQ,,,,21/jan/26 12:00 AM
Subtarefa,PA-290,12921,EST - LT,12918,PA-287,(A1) - EEEF CASTILHO FRANÇA,Em Análise (SEDUC),ETAPA A1,CAS,EST,,,,18/dez/25 12:00 AM
Subtarefa,PA-289,12920,LEV - TOP,12918,PA-287,(A1) - EEEF CASTILHO FRANÇA,Em Análise (SEDUC),ETAPA A1,CAS,LEV,,,,15/jan/26 12:00 AM
Subtarefa,PA-288,12919,LEV - RV,12918,PA-287,(A1) - EEEF CASTILHO FRANÇA,Em Análise (SEDUC),ETAPA A1,CAS,LEV,,,,12/jan/26 12:00 AM
Subtarefa,PA-305,12936,ARQ - ANT (MD),12924,PA-293,(A2) - EEEF CASTILHO FRANÇA,Tarefas pendentes,ETAPA A2,CAS,ARQ,,,,
Subtarefa,PA-304,12935,SPD - ANT (MD),12924,PA-293,(A2) - EEEF CASTILHO FRANÇA,Tarefas pendentes,ETAPA A2,CAS,SPD,,,,
Subtarefa,PA-303,12934,GLP - ANT (MD),12924,PA-293,(A2) - EEEF CASTILHO FRANÇA,Tarefas pendentes,ETAPA A2,CAS,GLP,,,,
Subtarefa,PA-302,12933,INC - ANT (MD),12924,PA-293,(A2) - EEEF CASTILHO FRANÇA,Tarefas pendentes,ETAPA A2,CAS,INC,,,,
Subtarefa,PA-301,12932,HID - ANT (MD),12924,PA-293,(A2) - EEEF CASTILHO FRANÇA,Tarefas pendentes,ETAPA A2,CAS,HID,,,,
Subtarefa,PA-300,12931,EST - ANT (MD),12924,PA-293,(A2) - EEEF CASTILHO FRANÇA,Tarefas pendentes,ETAPA A2,CAS,EST,,,,
Subtarefa,PA-299,12930,CLI - ANT (MD),12924,PA-293,(A2) - EEEF CASTILHO FRANÇA,Tarefas pendentes,ETAPA A2,CAS,CLI,,,,
Subtarefa,PA-298,12929,TEL - ANT (MD),12924,PA-293,(A2) - EEEF CASTILHO FRANÇA,Tarefas pendentes,ETAPA A2,CAS,TEL,,,,
Subtarefa,PA-297,12928,ELE - ANT (MD),12924,PA-293,(A2) - EEEF CASTILHO FRANÇA,Tarefas pendentes,ETAPA A2,CAS,ELE,,,,
Subtarefa,PA-296,12927,ORÇ - OP,12924,PA-293,(A2) - EEEF CASTILHO FRANÇA,Tarefas pendentes,ETAPA A2,CAS,ORÇ,,,,
Subtarefa,PA-295,12926,LEV - LS,12924,PA-293,(A2) - EEEF CASTILHO FRANÇA,Tarefas pendentes,ETAPA A2,CAS,LEV,,,,
Subtarefa,PA-294,12925,ARQ - EPA,12924,PA-293,(A2) - EEEF CASTILHO FRANÇA,Tarefas pendentes,ETAPA A2,CAS,ARQ,,,,
Subtarefa,PA-349,12980,ARQ - PN,12975,PA-344,(A1) - EEEFM CONEGO CALADO,Aprovado,ETAPA A1,CAL,ARQ,,,,
Subtarefa,PA-348,12979,ARQ - ASB,12975,PA-344,(A1) - EEEFM CONEGO CALADO,Aprovado,ETAPA A1,CAL,ARQ,,,,
Subtarefa,PA-347,12978,EST - LT (N/A),12975,PA-344,(A1) - EEEFM CONEGO CALADO,Concluído,ETAPA A1,CAL,EST,,,,
Subtarefa,PA-346,12977,LEV - TOP,12975,PA-344,(A1) - EEEFM CONEGO CALADO,Em Análise (SEDUC),ETAPA A1,CAL,LEV,,,,09/jan/26 12:00 AM
Subtarefa,PA-345,12976,LEV - RV,12975,PA-344,(A1) - EEEFM CONEGO CALADO,Em Análise (SEDUC),ETAPA A1,CAL,LEV,,,,09/jan/26 12:00 AM
Subtarefa,PA-362,12993,ARQ - ANT (MD),12981,PA-350,(A2) - EEEFM CONEGO CALADO,Tarefas pendentes,ETAPA A2,CAL,ARQ,,,,
Subtarefa,PA-361,12992,SPD - ANT (MD),12981,PA-350,(A2) - EEEFM CONEGO CALADO,Tarefas pendentes,ETAPA A2,CAL,SPD,,,,
Subtarefa,PA-360,12991,GLP - ANT (MD),12981,PA-350,(A2) - EEEFM CONEGO CALADO,Tarefas pendentes,ETAPA A2,CAL,GLP,,,,
Subtarefa,PA-359,12990,INC - ANT (MD),12981,PA-350,(A2) - EEEFM CONEGO CALADO,Tarefas pendentes,ETAPA A2,CAL,INC,,,,
Subtarefa,PA-358,12989,HID - ANT (MD),12981,PA-350,(A2) - EEEFM CONEGO CALADO,Tarefas pendentes,ETAPA A2,CAL,HID,,,,
Subtarefa,PA-357,12988,EST - ANT (MD),12981,PA-350,(A2) - EEEFM CONEGO CALADO,Tarefas pendentes,ETAPA A2,CAL,EST,,,,
Subtarefa,PA-356,12987,CLI - ANT (MD),12981,PA-350,(A2) - EEEFM CONEGO CALADO,Tarefas pendentes,ETAPA A2,CAL,CLI,,,,
Subtarefa,PA-355,12986,TEL - ANT (MD),12981,PA-350,(A2) - EEEFM CONEGO CALADO,Tarefas pendentes,ETAPA A2,CAL,TEL,,,,
Subtarefa,PA-354,12985,ELE - ANT (MD),12981,PA-350,(A2) - EEEFM CONEGO CALADO,Tarefas pendentes,ETAPA A2,CAL,ELE,,,,
Subtarefa,PA-353,12984,ORÇ - OP,12981,PA-350,(A2) - EEEFM CONEGO CALADO,Tarefas pendentes,ETAPA A2,CAL,ORÇ,,,,
Subtarefa,PA-352,12983,LEV - LS,12981,PA-350,(A2) - EEEFM CONEGO CALADO,Tarefas pendentes,ETAPA A2,CAL,LEV,,,,
Subtarefa,PA-351,12982,ARQ - EPA,12981,PA-350,(A2) - EEEFM CONEGO CALADO,Tarefas pendentes,ETAPA A2,CAL,ARQ,,,,
Subtarefa,PA-38,12572,ARQ - PN,12567,PA-33,(A1) - EEEFM DR JOSE MARCIO AYRES,Em Análise (SEDUC),ETAPA A1,AYR,ARQ,,,,
Subtarefa,PA-37,12571,ARQ - ASB,12567,PA-33,(A1) - EEEFM DR JOSE MARCIO AYRES,Em Análise (SEDUC),ETAPA A1,AYR,ARQ,,,,07/jan/26 12:00 AM
Subtarefa,PA-36,12570,EST - LT,12567,PA-33,(A1) - EEEFM DR JOSE MARCIO AYRES,Em Análise (SEDUC),ETAPA A1,AYR,EST,,,,22/dez/25 12:00 AM
Subtarefa,PA-35,12569,LEV - TOP,12567,PA-33,(A1) - EEEFM DR JOSE MARCIO AYRES,Em Análise (SEDUC),ETAPA A1,AYR,LEV,,,,14/jan/26 12:00 AM
Subtarefa,PA-34,12568,LEV - RV,12567,PA-33,(A1) - EEEFM DR JOSE MARCIO AYRES,Em Análise (SEDUC),ETAPA A1,AYR,LEV,,,,30/dez/25 12:00 AM
Subtarefa,PA-77,12644,ARQ - ANT (MD),12632,PA-65,(A2) - EEEFM DR JOSE MARCIO AYRES,Tarefas pendentes,ETAPA A2,AYR,ARQ,,,,
Subtarefa,PA-76,12643,ORÇ - OP,12632,PA-65,(A2) - EEEFM DR JOSE MARCIO AYRES,Tarefas pendentes,ETAPA A2,AYR,ORÇ,,,,
Subtarefa,PA-75,12642,SPD - ANT (MD),12632,PA-65,(A2) - EEEFM DR JOSE MARCIO AYRES,Tarefas pendentes,ETAPA A2,AYR,SPD,,,,
Subtarefa,PA-74,12641,GLP - ANT (MD),12632,PA-65,(A2) - EEEFM DR JOSE MARCIO AYRES,Tarefas pendentes,ETAPA A2,AYR,GLP,,,,
Subtarefa,PA-73,12640,INC - ANT (MD),12632,PA-65,(A2) - EEEFM DR JOSE MARCIO AYRES,Tarefas pendentes,ETAPA A2,AYR,INC,,,,
Subtarefa,PA-72,12639,HID - ANT (MD),12632,PA-65,(A2) - EEEFM DR JOSE MARCIO AYRES,Tarefas pendentes,ETAPA A2,AYR,HID,,,,
Subtarefa,PA-71,12638,EST - ANT (MD),12632,PA-65,(A2) - EEEFM DR JOSE MARCIO AYRES,Tarefas pendentes,ETAPA A2,AYR,EST,,,,
Subtarefa,PA-70,12637,CLI - ANT (MD),12632,PA-65,(A2) - EEEFM DR JOSE MARCIO AYRES,Tarefas pendentes,ETAPA A2,AYR,CLI,,,,
Subtarefa,PA-69,12636,TEL - ANT (MD),12632,PA-65,(A2) - EEEFM DR JOSE MARCIO AYRES,Tarefas pendentes,ETAPA A2,AYR,TEL,,,,
Subtarefa,PA-68,12635,ELE - ANT (MD),12632,PA-65,(A2) - EEEFM DR JOSE MARCIO AYRES,Tarefas pendentes,ETAPA A2,AYR,ELE,,,,
Subtarefa,PA-67,12634,LEV - LS,12632,PA-65,(A2) - EEEFM DR JOSE MARCIO AYRES,Concluído,ETAPA A2,AYR,LEV,,,,
Subtarefa,PA-66,12633,ARQ - EPA,12632,PA-65,(A2) - EEEFM DR JOSE MARCIO AYRES,Tarefas pendentes,ETAPA A2,AYR,ARQ,,,,
Subtarefa,PA-387,13018,ARQ - PN,13013,PA-382,(A1) - EEEM DR ABEL FIGUEREDO,Aprovado,ETAPA A1,ABE,ARQ,,,,
Subtarefa,PA-386,13017,ARQ - ASB,13013,PA-382,(A1) - EEEM DR ABEL FIGUEREDO,Aprovado,ETAPA A1,ABE,ARQ,,,,
Subtarefa,PA-385,13016,EST - LT (N/A),13013,PA-382,(A1) - EEEM DR ABEL FIGUEREDO,Concluído,ETAPA A1,ABE,EST,,,,12/jan/26 12:00 AM
Subtarefa,PA-384,13015,LEV - TOP,13013,PA-382,(A1) - EEEM DR ABEL FIGUEREDO,Aprovado,ETAPA A1,ABE,LEV,,,,13/jan/26 12:00 AM
Subtarefa,PA-383,13014,LEV - RV,13013,PA-382,(A1) - EEEM DR ABEL FIGUEREDO,Aprovado,ETAPA A1,ABE,LEV,,,,
Subtarefa,PA-400,13031,ARQ - ANT (MD),13019,PA-388,(A2) - EEEM DR ABEL FIGUEREDO,Tarefas pendentes,ETAPA A2,ABE,ARQ,,,,
Subtarefa,PA-399,13030,SPD - ANT (MD),13019,PA-388,(A2) - EEEM DR ABEL FIGUEREDO,Tarefas pendentes,ETAPA A2,ABE,SPD,,,,
Subtarefa,PA-398,13029,GLP - ANT (MD),13019,PA-388,(A2) - EEEM DR ABEL FIGUEREDO,Tarefas pendentes,ETAPA A2,ABE,GLP,,,,
Subtarefa,PA-397,13028,INC - ANT (MD),13019,PA-388,(A2) - EEEM DR ABEL FIGUEREDO,Tarefas pendentes,ETAPA A2,ABE,INC,,,,
Subtarefa,PA-396,13027,HID - ANT (MD),13019,PA-388,(A2) - EEEM DR ABEL FIGUEREDO,Tarefas pendentes,ETAPA A2,ABE,HID,,,,
Subtarefa,PA-395,13026,EST - ANT (MD),13019,PA-388,(A2) - EEEM DR ABEL FIGUEREDO,Tarefas pendentes,ETAPA A2,ABE,EST,,,,
Subtarefa,PA-394,13025,CLI - ANT (MD),13019,PA-388,(A2) - EEEM DR ABEL FIGUEREDO,Tarefas pendentes,ETAPA A2,ABE,CLI,,,,
Subtarefa,PA-393,13024,TEL - ANT (MD),13019,PA-388,(A2) - EEEM DR ABEL FIGUEREDO,Tarefas pendentes,ETAPA A2,ABE,TEL,,,,
Subtarefa,PA-392,13023,ELE - ANT (MD),13019,PA-388,(A2) - EEEM DR ABEL FIGUEREDO,Tarefas pendentes,ETAPA A2,ABE,ELE,,,,
Subtarefa,PA-391,13022,ORÇ - OP,13019,PA-388,(A2) - EEEM DR ABEL FIGUEREDO,Tarefas pendentes,ETAPA A2,ABE,ORÇ,,,,
Subtarefa,PA-390,13021,LEV - LS,13019,PA-388,(A2) - EEEM DR ABEL FIGUEREDO,Concluído,ETAPA A2,ABE,LEV,,,,
Subtarefa,PA-389,13020,ARQ - EPA,13019,PA-388,(A2) - EEEM DR ABEL FIGUEREDO,Tarefas pendentes,ETAPA A2,ABE,ARQ,,,,
